S.N,Company,High,Low,Average,Closing,Trade Volume,Share Volume
1.,NABIL,"1,740.00","1,065.00","1,356.701,129.1039,687,527,50729,100,402","1,129.10","39,687,527,507","29,100,402"
2.,NIB,514.00,430.00,"460.050.002,793,072,0146,004,114",0.00,"2,793,072,014","6,004,114"
3.,SCB,689.00,434.00,"565.60514.204,139,724,8137,083,003",514.20,"4,139,724,813","7,083,003"
4.,HBL,580.00,477.00,"519.840.00737,312,7481,405,805",0.00,"737,312,748","1,405,805"
5.,SBI,468.00,331.30,"395.17395.904,223,499,28210,353,870",395.90,"4,223,499,282","10,353,870"
6.,NBB,515.00,278.00,"389.650.0021,367,533,47754,006,887",0.00,"21,367,533,477","54,006,887"
7.,EBL,864.00,515.00,"710.32583.0011,642,243,54015,775,039",583.00,"11,642,243,540","15,775,039"
8.,BOKL,433.20,240.20,"333.35296.009,727,103,93528,460,774",296.00,"9,727,103,935","28,460,774"
9.,NICA,"1,085.00",701.00,"890.91867.0032,601,214,27735,690,784",867.00,"32,601,214,277","35,690,784"
10.,MBL,455.00,270.00,"346.21325.0012,773,900,88035,314,256",325.00,"12,773,900,880","35,314,256"
11.,LBL,447.00,245.00,"332.86296.008,732,607,61925,212,929",296.00,"8,732,607,619","25,212,929"
12.,KBL,413.00,223.00,"316.10260.0019,105,042,76257,580,240",260.00,"19,105,042,762","57,580,240"
13.,NCCB,407.00,252.80,"326.84277.0017,565,453,37650,991,053",277.00,"17,565,453,376","50,991,053"
14.,SBL,605.00,364.00,"466.51454.0017,895,094,81337,253,882",454.00,"17,895,094,813","37,253,882"
15.,SHL,321.00,182.00,"231.83222.003,953,151,95815,786,881",222.00,"3,953,151,958","15,786,881"
16.,TRH,468.00,275.00,"362.73372.001,919,886,3845,061,381",372.00,"1,919,886,384","5,061,381"
17.,OHL,761.00,398.00,"522.02500.002,632,485,3344,628,815",500.00,"2,632,485,334","4,628,815"
18.,NHPC,530.90,128.00,"303.78378.0035,159,749,025113,124,074",378.00,"35,159,749,025","113,124,074"
19.,BPCL,703.00,383.00,"480.88435.0010,527,536,59020,276,335",435.00,"10,527,536,590","20,276,335"
20.,CHCL,785.00,462.00,"615.06516.0012,295,043,08918,710,183",516.00,"12,295,043,089","18,710,183"
21.,STC,"13,780.00","4,740.00","8,865.246,425.006,088,049,369652,040","6,425.00","6,088,049,369","652,040"
22.,BBC,"8,208.00","2,850.00","5,672.295,100.001,505,565,191250,692","5,100.00","1,505,565,191","250,692"
23.,NUBL,"1,919.00","1,166.00","1,570.321,242.0014,451,106,0798,981,610","1,242.00","14,451,106,079","8,981,610"
24.,CBBL,"2,065.20","1,240.00","1,673.341,340.0018,365,732,67310,804,210","1,340.00","18,365,732,673","10,804,210"
25.,DDBL,"2,420.00","1,019.00","1,621.831,293.0013,343,314,8897,511,832","1,293.00","13,343,314,889","7,511,832"
26.,SANIMA,564.90,319.00,"426.61365.0015,977,233,74035,972,436",365.00,"15,977,233,740","35,972,436"
27.,NABBC,"1,251.10",442.00,"693.67577.001,883,262,3782,465,488",577.00,"1,883,262,378","2,465,488"
28.,NICL,"1,294.00",640.00,"882.38870.0015,032,635,37815,559,801",870.00,"15,032,635,378","15,559,801"
29.,RBCL,"24,370.00","13,907.00","18,959.2317,400.004,411,270,818224,622","17,400.00","4,411,270,818","224,622"
30.,NLICL,"1,411.00",780.00,"1,121.371,120.0016,291,116,40613,721,004","1,120.00","16,291,116,406","13,721,004"
31.,HGI,982.00,557.00,"728.56750.007,862,259,01010,096,250",750.00,"7,862,259,010","10,096,250"
32.,UIC,890.00,546.00,"698.48717.509,849,214,24413,517,653",717.50,"9,849,214,244","13,517,653"
33.,EIC,885.00,526.00,"725.80720.205,235,706,7746,894,603",720.20,"5,235,706,774","6,894,603"
34.,PIC,"1,399.00",817.00,"1,156.36991.007,226,169,6295,962,087",991.00,"7,226,169,629","5,962,087"
35.,NIL,"1,900.00",950.00,"1,451.911,266.0017,487,871,54111,249,486","1,266.00","17,487,871,541","11,249,486"
36.,PRIN,"1,162.00",653.90,"898.34862.008,209,067,7538,561,984",862.00,"8,209,067,753","8,561,984"
37.,SIC,"1,890.00","1,008.00","1,442.091,331.004,444,286,6652,894,339","1,331.00","4,444,286,665","2,894,339"
38.,IGI,"1,465.00",865.00,"1,134.471,165.0012,180,196,64010,321,236","1,165.00","12,180,196,640","10,321,236"
39.,NLIC,"2,930.00","1,270.00","1,895.901,671.0030,868,331,45015,521,856","1,671.00","30,868,331,450","15,521,856"
40.,LICN,"2,800.00","1,700.00","2,210.062,369.006,927,947,5823,024,662","2,369.00","6,927,947,582","3,024,662"
41.,PICL,994.00,543.00,"772.25748.006,882,387,2048,436,731",748.00,"6,882,387,204","8,436,731"
42.,LGIL,975.00,566.50,"765.80788.009,540,129,35611,838,153",788.00,"9,540,129,356","11,838,153"
43.,SICL,"3,021.00","1,387.00","1,980.711,974.0019,306,221,3458,805,971","1,974.00","19,306,221,345","8,805,971"
44.,NFS,806.00,288.00,"484.78682.004,912,740,9319,276,789",682.00,"4,912,740,931","9,276,789"
45.,BNL,"1,903.90","1,866.60","1,902.860.00685,031360",0.00,"685,031",360
46.,NLO,316.00,274.00,"294.500.0011,78040",0.00,"11,780",40
47.,GUFL,"1,500.00",380.00,"815.15800.0010,660,735,05013,025,577",800.00,"10,660,735,050","13,025,577"
48.,CIT,"5,029.00","2,625.00","3,771.323,380.0016,909,704,0314,368,549","3,380.00","16,909,704,031","4,368,549"
49.,BNT,"17,670.00","8,328.00","10,782.3314,200.001,122,960,95996,498","14,200.00","1,122,960,959","96,498"
50.,UNL,"23,180.00","18,050.00","19,536.220.00329,036,82016,651",0.00,"329,036,820","16,651"
51.,BFC,630.00,151.00,"371.80509.006,520,191,62216,066,413",509.00,"6,520,191,622","16,066,413"
52.,GFCL,"1,010.00",231.00,"560.93674.008,747,353,14813,302,545",674.00,"8,747,353,148","13,302,545"
53.,HDL,"7,938.00","3,879.00","5,501.184,694.0036,321,961,8546,629,411","4,694.00","36,321,961,854","6,629,411"
54.,PFL,920.00,245.00,"504.09588.907,925,201,47913,791,458",588.90,"7,925,201,479","13,791,458"
55.,NMB,517.00,326.00,"421.17350.0014,849,459,27634,029,556",350.00,"14,849,459,276","34,029,556"
56.,UFL,466.00,310.00,"369.610.00390,470,9031,015,505",0.00,"390,470,903","1,015,505"
57.,SIFC,741.00,211.00,"412.91460.006,726,073,34213,906,752",460.00,"6,726,073,342","13,906,752"
58.,CFCL,814.90,183.00,"415.46491.009,162,322,80318,256,745",491.00,"9,162,322,803","18,256,745"
59.,JFL,836.00,244.00,"483.99654.007,508,312,99713,526,566",654.00,"7,508,312,997","13,526,566"
60.,PRVU,525.00,285.00,"422.54331.5020,571,649,86846,392,162",331.50,"20,571,649,868","46,392,162"
61.,SFCL,720.00,160.00,"397.15397.006,664,618,77716,083,000",397.00,"6,664,618,777","16,083,000"
62.,GMFIL,773.00,201.00,"424.31473.005,167,544,14610,354,213",473.00,"5,167,544,146","10,354,213"
63.,SWBBL,"2,275.00","1,097.00","1,685.821,355.007,122,104,2823,968,266","1,355.00","7,122,104,282","3,968,266"
64.,ICFC,"1,176.80",279.00,"584.08705.0019,864,060,72228,807,040",705.00,"19,864,060,722","28,807,040"
65.,EDBL,"1,195.00",383.00,"650.62556.005,110,086,2286,848,599",556.00,"5,110,086,228","6,848,599"
66.,EBLCP,770.00,590.00,"694.590.007,222,43510,977",0.00,"7,222,435","10,977"
67.,SIL,"1,376.00",732.00,"1,067.97971.004,986,511,3804,349,164",971.00,"4,986,511,380","4,349,164"
68.,MBLPO,250.00,120.00,"206.670.0075,221,750311,287",0.00,"75,221,750","311,287"
69.,NABILP,681.00,655.00,"668.000.0030,93646",0.00,"30,936",46
70.,KBLPO,155.80,100.00,"130.530.00334,826,8462,345,528",0.00,"334,826,846","2,345,528"
71.,LBLPO,211.00,163.00,"187.000.0019,053,33797,171",0.00,"19,053,337","97,171"
72.,BOKLPO,198.00,147.00,"172.500.002,135,24411,207",0.00,"2,135,244","11,207"
73.,JFLPO,352.00,352.00,"352.000.0039,164,928111,264",0.00,"39,164,928","111,264"
74.,NTC,"1,550.00",972.00,"1,275.681,448.9022,512,579,69916,916,831","1,448.90","22,512,579,699","16,916,831"
75.,NICAP,510.00,495.00,"503.450.0054,624,109108,666",0.00,"54,624,109","108,666"
76.,SWBBLP,930.00,781.45,"692.730.00111,355,135191,587",0.00,"111,355,135","191,587"
77.,GUFLPO,649.00,259.00,"519.000.0020,006,60636,404",0.00,"20,006,606","36,404"
78.,NCCBPO,141.50,116.00,"128.110.00763,758,3115,673,676",0.00,"763,758,311","5,673,676"
79.,PROFL,574.00,143.00,"330.27385.607,061,430,10119,096,250",385.60,"7,061,430,101","19,096,250"
80.,BFCPO,269.00,100.00,"216.310.0086,885,384354,480",0.00,"86,885,384","354,480"
81.,GBIME,522.00,275.00,"413.60360.0024,190,298,40655,955,669",360.00,"24,190,298,406","55,955,669"
82.,CZBIL,444.00,252.90,"335.39294.2014,141,489,42339,806,278",294.20,"14,141,489,423","39,806,278"
83.,PROFLP,101.00,101.00,"101.000.0021,129,705209,205",0.00,"21,129,705","209,205"
84.,PCBL,540.00,310.00,"450.61360.0014,742,876,64031,771,109",360.00,"14,742,876,640","31,771,109"
85.,LBBL,774.00,223.00,"468.52516.0021,911,320,11841,257,072",516.00,"21,911,320,118","41,257,072"
86.,SRBL,418.20,250.00,"324.11287.5010,201,860,36830,026,595",287.50,"10,201,860,368","30,026,595"
87.,AHPC,785.00,230.00,"437.38508.0042,342,857,50283,656,047",508.00,"42,342,857,502","83,656,047"
88.,SBBLPO,272.50,261.80,"267.550.0071,368,866270,460",0.00,"71,368,866","270,460"
89.,MDB,873.20,320.00,"528.32548.005,677,000,1039,498,566",548.00,"5,677,000,103","9,498,566"
90.,ALICL,"1,565.00",978.00,"1,289.501,322.0014,317,389,38210,783,462","1,322.00","14,317,389,382","10,783,462"
91.,PFLPO,476.00,476.00,"476.000.0023,195,00448,729",0.00,"23,195,004","48,729"
92.,NMBPO,245.00,245.00,"245.000.0057,877,820236,236",0.00,"57,877,820","236,236"
93.,PLIC,"1,133.00",570.00,"879.16797.007,532,257,0258,121,199",797.00,"7,532,257,025","8,121,199"
94.,NLBBL,"1,885.00",901.80,"1,473.601,216.006,328,899,2054,182,150","1,216.00","6,328,899,205","4,182,150"
95.,ADBL,620.00,398.00,"478.49419.9010,741,979,24721,558,427",419.90,"10,741,979,247","21,558,427"
96.,ICFCPO,286.00,166.00,"225.330.0023,319,512102,044",0.00,"23,319,512","102,044"
97.,MLBL,883.00,258.00,"463.99520.0023,444,968,11042,786,351",520.00,"23,444,968,110","42,786,351"
98.,SLICL,"1,091.00",617.40,"855.36807.209,646,604,00610,762,623",807.20,"9,646,604,006","10,762,623"
99.,GBBL,750.00,293.00,"487.50590.0019,109,310,40236,527,988",590.00,"19,109,310,402","36,527,988"
100.,JBBL,649.90,213.00,"407.03440.0022,292,665,78150,852,651",440.00,"22,292,665,781","50,852,651"
101.,KRBL,607.00,157.00,"341.83450.003,606,136,9929,824,935",450.00,"3,606,136,992","9,824,935"
102.,GLICL,901.00,460.00,"707.15685.008,009,336,51310,703,329",685.00,"8,009,336,513","10,703,329"
103.,SBLPO,275.00,190.00,"255.860.00156,475,773588,899",0.00,"156,475,773","588,899"
104.,CORBL,"1,155.00",460.00,"766.39608.001,666,151,4172,100,514",608.00,"1,666,151,417","2,100,514"
105.,KSBBL,866.90,275.00,"500.39527.0021,060,431,96338,353,094",527.00,"21,060,431,963","38,353,094"
106.,NIBPO,437.00,381.00,"400.130.00770,308,2471,924,546",0.00,"770,308,247","1,924,546"
107.,MPFL,696.00,167.00,"382.30440.202,901,766,0437,210,635",440.20,"2,901,766,043","7,210,635"
108.,SADBL,595.00,197.00,"352.95416.0011,798,312,23229,147,145",416.00,"11,798,312,232","29,147,145"
109.,SHINE,655.00,251.00,"397.97428.0012,774,432,28228,452,736",428.00,"12,774,432,282","28,452,736"
110.,MNBBL,850.00,367.00,"569.78550.0016,065,048,78526,631,853",550.00,"16,065,048,785","26,631,853"
111.,FMDBL,"1,365.00",667.00,"876.17860.1012,897,895,70113,877,174",860.10,"12,897,895,701","13,877,174"
112.,CZBILP,208.00,143.00,"184.780.0044,541,147232,653",0.00,"44,541,147","232,653"
113.,SMFDB,"1,938.00","1,100.00","1,479.111,218.002,372,362,9341,537,397","1,218.00","2,372,362,934","1,537,397"
114.,GBIMEP,171.00,147.00,"156.260.00269,161,4311,710,099",0.00,"269,161,431","1,710,099"
115.,MFIL,"1,456.00",400.00,"868.72705.0018,777,404,56620,299,389",705.00,"18,777,404,566","20,299,389"
116.,NBL,575.00,317.00,"441.70370.0031,225,854,80268,365,387",370.00,"31,225,854,802","68,365,387"
117.,SRBLPO,215.00,161.00,"186.890.00135,811,936731,772",0.00,"135,811,936","731,772"
118.,CBL,316.00,213.00,"255.69260.0013,067,363,58750,060,970",260.00,"13,067,363,587","50,060,970"
119.,PCBLP,205.00,169.00,"186.320.00576,995,7033,143,384",0.00,"576,995,703","3,143,384"
120.,SLBBL,"1,685.00",890.00,"1,380.241,141.105,836,377,2033,997,501","1,141.10","5,836,377,203","3,997,501"
121.,NLG,"1,422.00",710.00,"1,059.47961.0010,618,860,7579,119,713",961.00,"10,618,860,757","9,119,713"
122.,SINDU,618.00,177.00,"357.26410.004,900,014,83612,784,189",410.00,"4,900,014,836","12,784,189"
123.,MEGA,405.00,251.20,"326.75291.0016,958,455,36550,508,095",291.00,"16,958,455,365","50,508,095"
124.,SKBBL,"2,184.00","1,145.00","1,656.601,348.008,281,916,6614,759,127","1,348.00","8,281,916,661","4,759,127"
125.,RMDC,"1,800.00","1,001.00","1,337.561,215.0010,776,140,3747,644,103","1,215.00","10,776,140,374","7,644,103"
126.,JBBLPO,147.00,146.00,"146.570.0056,373,214382,180",0.00,"56,373,214","382,180"
127.,SLICLP,413.00,273.00,"271.600.00306,158,2361,040,671",0.00,"306,158,236","1,040,671"
128.,NLICLP,636.00,636.00,"579.130.0048,249,28996,606",0.00,"48,249,289","96,606"
129.,GBLBS,"1,437.00",750.00,"1,106.921,025.0010,162,206,2318,808,664","1,025.00","10,162,206,231","8,808,664"
130.,RLFL,814.00,210.00,"447.49500.0011,499,401,38223,014,254",500.00,"11,499,401,382","23,014,254"
131.,NLICP,"1,026.00",817.00,"925.840.00237,472,035259,794",0.00,"237,472,035","259,794"
132.,PRINPO,551.00,500.91,"336.760.00237,319,886736,000",0.00,"237,319,886","736,000"
133.,SHPC,675.00,314.00,"444.41432.0017,463,061,22435,304,774",432.00,"17,463,061,224","35,304,774"
134.,NSLB,"1,987.90","1,026.10","1,560.201,453.201,880,077,5861,152,520","1,453.20","1,880,077,586","1,152,520"
135.,KMCDB,"1,715.00","1,015.00","1,324.291,317.003,220,643,5862,345,901","1,317.00","3,220,643,586","2,345,901"
136.,ALICLP,697.00,657.00,"641.400.00267,018,946440,448",0.00,"267,018,946","440,448"
137.,MLBBL,"2,540.00","1,475.00","1,948.891,726.102,244,398,3701,128,163","1,726.10","2,244,398,370","1,128,163"
138.,CCBL,324.00,212.00,"256.16258.3012,175,068,90145,731,532",258.30,"12,175,068,901","45,731,532"
139.,SICLPO,911.00,911.00,"911.000.00455,500,000500,000",0.00,"455,500,000","500,000"
140.,DDBLPO,545.00,545.00,"701.290.0041,196,93559,000",0.00,"41,196,935","59,000"
141.,MDBPO,274.00,182.00,"251.00274.0017,986,22867,322",274.00,"17,986,228","67,322"
142.,RHPC,"1,118.00",165.00,"491.180.0017,101,832,81428,030,229",0.00,"17,101,832,814","28,030,229"
143.,EDBLPO,579.00,305.00,"408.670.0069,707,500171,500",0.00,"69,707,500","171,500"
144.,GMFILP,240.00,240.00,"240.000.0014,800,56061,669",0.00,"14,800,560","61,669"
145.,LLBS,"2,574.00","1,205.00","1,933.601,600.003,567,805,1211,734,492","1,600.00","3,567,805,121","1,734,492"
146.,SICPO,737.00,709.00,"726.070.0057,829,41279,494",0.00,"57,829,412","79,494"
147.,MLBLPO,315.00,109.00,"162.000.0024,568,298141,800",0.00,"24,568,298","141,800"
148.,GLICLP,494.00,334.00,"398.000.0064,657,282174,423",0.00,"64,657,282","174,423"
149.,GBBLPO,277.00,173.00,"259.670.0076,872,196283,068",0.00,"76,872,196","283,068"
150.,LBBLPO,324.00,110.00,"259.140.00153,674,292610,560",0.00,"153,674,292","610,560"
151.,SILPO,595.00,532.00,"563.500.008,610,00015,000",0.00,"8,610,000","15,000"
152.,PRVUPO,204.00,174.00,"198.750.00958,667,9674,788,055",0.00,"958,667,967","4,788,055"
153.,RBCLPO,"20,185.00","11,310.00","15,610.6415,680.003,825,713,005230,282","15,680.00","3,825,713,005","230,282"
154.,NIBSF1,17.71,11.25,"13.110.00241,770,28717,366,886",0.00,"241,770,287","17,366,886"
155.,MNBBLP,232.00,216.00,"222.830.00223,770,5381,008,996",0.00,"223,770,538","1,008,996"
156.,PICLPO,367.00,260.00,"320.200.00211,589,992629,891",0.00,"211,589,992","629,891"
157.,RLFLPO,346.00,316.00,"327.000.0015,296,17646,978",0.00,"15,296,176","46,978"
158.,NFSPO,279.00,279.00,"279.000.0018,414,00066,000",0.00,"18,414,000","66,000"
159.,SINDUP,225.00,111.00,"129.400.0048,924,464405,066",0.00,"48,924,464","405,066"
160.,CBLPO,161.00,101.00,"141.170.0017,634,549133,309",0.00,"17,634,549","133,309"
161.,CCBLPO,120.00,112.00,"116.160.00207,211,9201,812,973",0.00,"207,211,920","1,812,973"
162.,MEGAPO,132.00,118.00,"123.330.00150,399,0621,220,743",0.00,"150,399,062","1,220,743"
163.,RMDCPO,490.00,327.00,"504.390.0097,492,421208,600",0.00,"97,492,421","208,600"
164.,NLBBLP,100.00,92.59,"354.110.0012,135,62038,630",0.00,"12,135,620","38,630"
165.,SMFDBP,907.00,680.00,"752.670.00107,562,650147,710",0.00,"107,562,650","147,710"
166.,SHINEP,142.00,140.00,"140.070.0059,309,880422,810",0.00,"59,309,880","422,810"
167.,NUBLPO,600.00,600.00,"600.000.0060,537,900108,542",0.00,"60,537,900","108,542"
168.,CFCLPO,425.00,425.00,"425.000.005,525,00013,000",0.00,"5,525,000","13,000"
169.,KSBBLP,381.00,121.00,"191.070.0073,210,812366,564",0.00,"73,210,812","366,564"
170.,KMCDBP,785.00,710.00,"772.500.0026,323,70033,820",0.00,"26,323,700","33,820"
171.,MMFDB,"2,095.00","1,318.20","1,622.761,404.003,915,622,7802,349,860","1,404.00","3,915,622,780","2,349,860"
172.,BARUN,763.40,215.00,"432.71538.006,623,681,57813,459,176",538.00,"6,623,681,578","13,459,176"
173.,VLBS,"2,036.00","1,240.00","1,640.661,389.002,044,043,3211,204,927","1,389.00","2,044,043,321","1,204,927"
174.,NICLPO,629.00,292.00,"479.000.0051,336,00691,104",0.00,"51,336,006","91,104"
175.,CLBSL,"1,811.00",867.00,"1,285.611,122.003,809,621,0482,841,831","1,122.00","3,809,621,048","2,841,831"
176.,KLBSL,"2,042.00","1,072.00","1,553.581,644.00919,204,152561,481","1,644.00","919,204,152","561,481"
177.,JSLBB,"5,500.00","2,061.10","3,464.862,491.002,932,524,940766,328","2,491.00","2,932,524,940","766,328"
178.,API,670.00,267.00,"416.93520.0038,572,142,93885,902,663",520.00,"38,572,142,938","85,902,663"
179.,CBBLPO,949.00,651.00,"813.470.0080,644,132119,300",0.00,"80,644,132","119,300"
180.,PLICPO,520.00,340.00,"448.000.0072,470,120169,400",0.00,"72,470,120","169,400"
181.,EICPO,530.10,300.00,"415.73468.00974,607,0652,275,514",468.00,"974,607,065","2,275,514"
182.,LGILPO,331.00,331.00,"331.000.0034,889,055105,405",0.00,"34,889,055","105,405"
183.,NMBMF,"1,661.00","1,000.00","1,356.251,108.003,390,246,6112,423,067","1,108.00","3,390,246,611","2,423,067"
184.,GILB,"3,191.00","1,390.00","2,277.681,760.004,532,918,0641,904,373","1,760.00","4,532,918,064","1,904,373"
185.,WOMI,"2,005.00",717.00,"1,629.970.001,819,263,7071,054,760",0.00,"1,819,263,707","1,054,760"
186.,MLBBLP,"1,260.00",908.00,"1,142.670.0017,815,52015,240",0.00,"17,815,520","15,240"
187.,SADBLP,236.00,119.00,"179.910.0061,623,587420,243",0.00,"61,623,587","420,243"
188.,MMFDBP,906.00,525.00,"602.220.00162,383,959263,582",0.00,"162,383,959","263,582"
189.,GBLBSP,634.00,187.00,"464.250.002,367,2096,331",0.00,"2,367,209","6,331"
190.,PICPO,625.00,625.00,"625.000.00312,500500",0.00,"312,500",500
191.,VLBSPO,976.00,571.00,"891.810.0054,770,83589,245",0.00,"54,770,835","89,245"
192.,JSLBBP,"2,464.00","2,464.00","2,464.000.0051,389,18420,856",0.00,"51,389,184","20,856"
193.,WOMIPO,883.00,883.00,"883.000.0020,152,70922,823",0.00,"20,152,709","22,823"
194.,SLBBLP,810.00,523.00,"762.170.0034,906,30043,980",0.00,"34,906,300","43,980"
195.,FMDBLP,447.00,275.00,"363.240.0097,398,483298,354",0.00,"97,398,483","298,354"
196.,CLBSLP,665.00,665.00,"665.000.0010,745,07016,158",0.00,"10,745,070","16,158"
197.,UICPO,237.00,237.00,"280.080.00674,9902,410",0.00,"674,990","2,410"
198.,MFILPO,217.00,217.00,"309.560.002,855,3118,900",0.00,"2,855,311","8,900"
199.,KLBSLP,890.00,875.00,"884.130.0023,464,59626,499",0.00,"23,464,596","26,499"
200.,MPFLPO,118.00,118.00,"118.000.00365,8003,100",0.00,"365,800","3,100"
201.,GIMES1,25.09,9.90,"17.6312.001,576,764,14384,137,208",12.00,"1,576,764,143","84,137,208"
202.,MERO,"1,989.00",878.10,"1,421.101,185.007,692,060,4275,472,334","1,185.00","7,692,060,427","5,472,334"
203.,MEROPO,100.00,100.00,"491.300.00279,665,475614,970",0.00,"279,665,475","614,970"
204.,HIDCL,606.00,244.10,"395.28314.6030,610,170,09271,807,319",314.60,"30,610,170,092","71,807,319"
205.,NGPL,"1,397.00",217.00,"549.01685.0014,725,271,72521,812,223",685.00,"14,725,271,725","21,812,223"
206.,GRDBL,537.90,162.00,"321.13380.002,493,339,1837,208,011",380.00,"2,493,339,183","7,208,011"
207.,GRDBLP,187.00,100.00,"131.380.0016,297,500148,500",0.00,"16,297,500","148,500"
208.,NMFBS,"4,080.00","2,360.00","3,233.402,600.004,688,203,6961,431,525","2,600.00","4,688,203,696","1,431,525"
209.,NMFBSP,"1,537.00",100.00,"1,166.810.00232,223,196246,070",0.00,"232,223,196","246,070"
210.,RSDC,"1,194.40",584.00,"855.39780.005,130,801,9845,682,270",780.00,"5,130,801,984","5,682,270"
211.,SLBS,"2,355.00","1,512.00","1,843.580.00965,135,412505,949",0.00,"965,135,412","505,949"
212.,KKHC,556.20,110.00,"262.28324.002,278,650,2457,239,845",324.00,"2,278,650,245","7,239,845"
213.,NMBHF1,16.25,10.13,"12.0512.00363,624,37528,315,360",12.00,"363,624,375","28,315,360"
214.,NEF,17.49,9.83,"12.7011.10753,675,47254,408,609",11.10,"753,675,472","54,408,609"
215.,DHPL,485.20,109.00,"254.47310.003,081,921,93411,699,471",310.00,"3,081,921,934","11,699,471"
216.,NIBLPF,20.68,9.30,"12.3810.86594,655,13439,277,514",10.86,"594,655,134","39,277,514"
217.,AKPL,882.40,284.00,"476.18553.0032,950,194,97865,618,863",553.00,"32,950,194,978","65,618,863"
218.,FOWAD,"3,530.00","2,000.00","2,730.882,148.006,508,304,5732,333,332","2,148.00","6,508,304,573","2,333,332"
219.,SPDL,823.90,230.00,"421.36470.0013,192,083,00128,486,004",470.00,"13,192,083,001","28,486,004"
220.,UMHL,646.60,152.00,"360.57417.9025,116,221,09761,895,660",417.90,"25,116,221,097","61,895,660"
221.,SMATA,"2,048.00",550.00,"1,454.071,216.001,092,777,692681,865","1,216.00","1,092,777,692","681,865"
222.,LEMF,19.34,9.16,"11.2410.29991,063,38772,293,166",10.29,"991,063,387","72,293,166"
223.,CHL,715.00,164.00,"415.94443.004,834,852,05010,702,617",443.00,"4,834,852,050","10,702,617"
224.,HPPL,749.10,258.00,"455.01476.008,678,454,54917,650,695",476.00,"8,678,454,549","17,650,695"
225.,MSLB,"3,131.00","1,485.00","2,115.651,585.001,135,656,902494,623","1,585.00","1,135,656,902","494,623"
226.,NHDL,840.00,238.00,"451.93480.002,454,466,7594,628,641",480.00,"2,454,466,759","4,628,641"
227.,SEF,17.04,10.01,"11.9911.25653,707,15650,085,836",11.25,"653,707,156","50,085,836"
228.,SMB,"2,900.00","1,546.00","2,322.081,934.00989,954,880423,861","1,934.00","989,954,880","423,861"
229.,SAEF,20.19,11.99,"14.6314.291,306,872,89582,464,765",14.29,"1,306,872,895","82,464,765"
230.,USLB,"2,868.00","1,442.00","2,135.061,600.001,219,652,274549,812","1,600.00","1,219,652,274","549,812"
231.,RADHI,"1,340.00",284.00,"666.94693.0012,566,186,53315,250,140",693.00,"12,566,186,533","15,250,140"
232.,NICGF,18.12,10.43,"12.9612.25495,667,50734,998,909",12.25,"495,667,507","34,998,909"
233.,CMF1,16.01,9.03,"11.1510.09404,228,67531,488,263",10.09,"404,228,675","31,488,263"
234.,WNLB,"1,106.00",831.00,"947.061,106.00214,038218","1,106.00","214,038",218
235.,RRHP,739.00,257.00,"442.830.007,528,280,72813,814,361",0.00,"7,528,280,728","13,814,361"
236.,PMHPL,484.00,123.00,"288.32365.002,471,641,1527,367,037",365.00,"2,471,641,152","7,367,037"
237.,KPCL,878.90,204.00,"469.46510.003,258,332,5596,654,595",510.00,"3,258,332,559","6,654,595"
238.,AKJCL,502.00,131.00,"268.62313.004,534,099,80014,819,368",313.00,"4,534,099,800","14,819,368"
239.,JOSHI,507.00,113.00,"272.42316.002,681,654,6498,949,832",316.00,"2,681,654,649","8,949,832"
240.,ACLBSL,"1,938.00","1,077.00","1,531.391,415.002,291,321,4101,428,979","1,415.00","2,291,321,410","1,428,979"
241.,UPPER,962.50,471.00,"697.56707.0035,078,123,81848,029,132",707.00,"35,078,123,818","48,029,132"
242.,SLBSL,"1,785.00",951.60,"1,373.701,317.00952,348,495663,603","1,317.00","952,348,495","663,603"
243.,GHL,555.90,118.00,"290.54343.001,933,616,5396,069,469",343.00,"1,933,616,539","6,069,469"
244.,ALBSL,"2,101.20","1,176.00","1,652.801,610.002,432,903,6511,447,271","1,610.00","2,432,903,651","1,447,271"
245.,SHIVM,"1,910.00","1,027.00","1,463.391,487.0018,352,964,04612,059,072","1,487.00","18,352,964,046","12,059,072"
246.,UPCL,635.00,130.00,"318.51395.0015,909,693,08744,316,980",395.00,"15,909,693,087","44,316,980"
247.,MHNL,720.00,202.00,"385.26493.003,571,533,6588,163,077",493.00,"3,571,533,658","8,163,077"
248.,PPCL,642.00,212.00,"393.46514.602,719,689,8016,323,706",514.60,"2,719,689,801","6,323,706"
249.,GMFBS,"1,996.00","1,160.00","1,585.971,390.001,040,231,444621,209","1,390.00","1,040,231,444","621,209"
250.,HURJA,685.40,199.00,"404.38495.002,735,044,9146,458,705",495.00,"2,735,044,914","6,458,705"
251.,GLBSL,"2,245.00","1,017.00","1,622.431,380.00834,148,108485,887","1,380.00","834,148,108","485,887"
252.,SAND2085,"1,111.00",999.60,"1,043.050.0021,813,21120,849",0.00,"21,813,211","20,849"
253.,SMFBS,"3,110.00","1,670.00","2,406.212,000.001,048,530,009421,850","2,000.00","1,048,530,009","421,850"
254.,UNHPL,612.00,113.00,"301.97385.004,478,085,86013,885,867",385.00,"4,478,085,860","13,885,867"
255.,ILBS,"2,140.00","1,304.00","1,677.531,424.002,497,964,0701,473,560","1,424.00","2,497,964,070","1,473,560"
256.,SRD80,"1,086.00",990.00,"1,029.890.0014,823,50014,378",0.00,"14,823,500","14,378"
257.,NBF2,17.00,10.00,"12.1911.221,037,895,25877,887,658",11.22,"1,037,895,258","77,887,658"
258.,GBD80/81,"1,085.00",993.00,"1,041.660.0027,490,42726,434",0.00,"27,490,427","26,434"
259.,RHPL,613.00,301.00,"424.71398.0013,113,069,95827,991,517",398.00,"13,113,069,958","27,991,517"
260.,SJCL,550.00,281.00,"400.17400.006,364,842,25714,557,363",400.00,"6,364,842,257","14,557,363"
261.,SABSL,"2,306.20","1,041.00","1,692.751,430.002,577,212,9761,472,037","1,430.00","2,577,212,976","1,472,037"
262.,NMBD2085,"1,030.00",970.00,"1,006.960.001,257,4551,247",0.00,"1,257,455","1,247"
263.,NIBD2082,"1,150.00","1,010.00","1,071.371,066.0012,672,73611,853","1,066.00","12,672,736","11,853"
264.,NBBD2085,"1,145.00","1,020.00","1,061.510.006,310,2725,912",0.00,"6,310,272","5,912"
265.,SIGS2,16.87,10.15,"12.1511.46963,219,01672,197,839",11.46,"963,219,016","72,197,839"
266.,SAPDBL,540.00,155.00,"315.78365.004,171,159,66611,856,424",365.00,"4,171,159,666","11,856,424"
267.,SAPDBLP,207.00,104.00,"167.250.0014,231,33177,359",0.00,"14,231,331","77,359"
268.,CMF2,16.87,9.04,"11.5410.23212,371,10116,738,004",10.23,"212,371,101","16,738,004"
269.,NICBF,17.00,9.92,"11.9711.28598,382,97144,929,622",11.28,"598,382,971","44,929,622"
270.,SBLD83,"1,097.00",984.90,"1,041.45984.903,715,5693,594",984.90,"3,715,569","3,594"
271.,MBLD2085,"1,119.00","1,000.00","1,056.840.005,649,9745,310",0.00,"5,649,974","5,310"
272.,NMB50,18.47,10.72,"13.0513.031,090,427,87075,891,788",13.03,"1,090,427,870","75,891,788"
273.,NICD83/84,"1,123.00",990.00,"1,044.790.009,795,2139,353",0.00,"9,795,213","9,353"
274.,NICAD8283,"1,246.00","1,019.30","1,106.310.0035,228,00831,388",0.00,"35,228,008","31,388"
275.,SBLD2082,"1,134.00","1,005.00","1,058.400.007,744,2327,264",0.00,"7,744,232","7,264"
276.,HBLD83,"1,128.00","1,040.00","1,056.620.005,064,3954,780",0.00,"5,064,395","4,780"
277.,PBLD86,"1,088.00",980.00,"1,046.200.004,292,7684,125",0.00,"4,292,768","4,125"
278.,SFMF,20.00,10.21,"13.1411.911,042,513,21870,984,907",11.91,"1,042,513,218","70,984,907"
279.,SRBLD83,"1,090.00",966.40,"1,048.37966.4080,907,88875,640",966.40,"80,907,888","75,640"
280.,LBLD86,"1,076.00",991.00,"1,040.820.003,750,4443,596",0.00,"3,750,444","3,596"
281.,HDHPC,478.90,123.00,"271.03333.5016,561,865,00359,124,020",333.50,"16,561,865,003","59,124,020"
282.,NRIC,"2,010.00","1,105.10","1,475.811,235.0047,978,053,05130,160,054","1,235.00","47,978,053,051","30,160,054"
283.,ICFCD83,"1,274.00","1,080.00","1,169.331,111.8031,068,89626,715","1,111.80","31,068,896","26,715"
284.,GWFD83,"1,242.00","1,050.00","1,150.411,091.0022,533,63819,541","1,091.00","22,533,638","19,541"
285.,KBLD86,"1,141.00",997.00,"1,053.031,033.9061,610,11057,173","1,033.90","61,610,110","57,173"
286.,ADBLD83,"1,150.00",994.70,"1,052.691,000.0051,954,21949,366","1,000.00","51,954,219","49,366"
287.,NICLBSL,"2,037.00",759.00,"1,420.651,238.008,292,458,4165,327,056","1,238.00","8,292,458,416","5,327,056"
288.,SBIBD86,"1,068.00",990.00,"1,044.660.0019,930,33019,074",0.00,"19,930,330","19,074"
289.,NBLD82,"1,106.00",975.10,"1,037.950.004,785,5254,615",0.00,"4,785,525","4,615"
290.,AIL,"1,125.00",588.80,"780.95735.003,669,059,3994,416,058",735.00,"3,669,059,399","4,416,058"
291.,NICAD8182,"1,049.00",950.00,"1,002.650.006,033,8965,993",0.00,"6,033,896","5,993"
292.,SDLBSL,"2,079.00","1,026.00","1,539.031,349.002,555,385,9241,553,153","1,349.00","2,555,385,924","1,553,153"
293.,NRN,990.00,365.00,"624.46683.008,549,600,80112,901,743",683.00,"8,549,600,801","12,901,743"
294.,RLI,818.00,423.40,"635.36568.004,714,784,2136,939,631",568.00,"4,714,784,213","6,939,631"
295.,LUK,16.00,9.31,"10.5910.17375,229,88430,209,420",10.17,"375,229,884","30,209,420"
296.,LEC,530.00,216.00,"354.38371.504,720,816,57312,357,601",371.50,"4,720,816,573","12,357,601"
297.,PBLD84,"1,100.00",980.00,"1,041.310.0075,489,50672,371",0.00,"75,489,506","72,371"
298.,GIC,860.00,485.10,"665.73652.002,668,372,9343,794,989",652.00,"2,668,372,934","3,794,989"
299.,SSHL,533.00,156.00,"313.10355.007,826,081,23424,206,204",355.00,"7,826,081,234","24,206,204"
300.,SGI,900.00,474.00,"685.58650.002,656,846,8263,601,416",650.00,"2,656,846,826","3,601,416"
301.,SLBSP,"1,111.00",531.00,"966.000.007,434,1927,332",0.00,"7,434,192","7,332"
302.,SBLD84,"1,020.00",925.00,"980.53925.009,290,8189,415",925.00,"9,290,818","9,415"
303.,MEN,"1,530.00",499.00,"954.481,175.004,069,823,7134,277,088","1,175.00","4,069,823,713","4,277,088"
304.,UMRH,811.00,220.00,"468.64600.001,862,068,5823,648,309",600.00,"1,862,068,582","3,648,309"
305.,PLI,"1,016.00",477.00,"716.37623.004,480,597,4495,760,650",623.00,"4,480,597,449","5,760,650"
306.,CGH,"2,800.00",159.00,"1,478.611,388.006,064,702,2603,355,305","1,388.00","6,064,702,260","3,355,305"
307.,NIFRA,726.00,268.50,"450.75353.5037,206,562,72773,876,304",353.50,"37,206,562,727","73,876,304"
308.,FOWADP,100.00,80.00,"906.390.00376,121,600433,600",0.00,"376,121,600","433,600"
309.,SBD87,"1,010.00",932.00,"979.92932.0015,537,53115,712",932.00,"15,537,531","15,712"
310.,SLCF,11.40,8.78,"9.869.6966,803,5146,602,819",9.69,"66,803,514","6,602,819"
311.,GLH,657.00,299.00,"432.32470.003,415,340,5177,241,008",470.00,"3,415,340,517","7,241,008"
312.,MLBSL,"5,749.00",438.00,"4,129.063,755.003,709,878,200779,427","3,755.00","3,709,878,200","779,427"
313.,MSLBP,"1,370.00","1,073.00","1,039.350.0071,898,45681,868",0.00,"71,898,456","81,868"
314.,JLI,998.00,360.00,"692.53731.903,245,472,1004,221,342",731.90,"3,245,472,100","4,221,342"
315.,NIBD84,"1,000.00",925.00,"946.110.005,600,8225,915",0.00,"5,600,822","5,915"
316.,MFLD85,"1,055.00",938.00,"1,005.990.0015,709,43215,565",0.00,"15,709,432","15,565"
317.,KEF,11.65,8.67,"9.809.30102,171,8449,894,106",9.30,"102,171,844","9,894,106"
318.,SHEL,650.00,306.00,"449.57486.002,311,717,0704,679,513",486.00,"2,311,717,070","4,679,513"
319.,RURU,"1,849.20",356.00,"1,034.371,000.00958,646,448821,587","1,000.00","958,646,448","821,587"
320.,NCCD86,"1,026.00",946.00,"991.380.005,938,0065,936",0.00,"5,938,006","5,936"
321.,SBCF,11.29,8.18,"9.689.2057,917,0805,875,204",9.20,"57,917,080","5,875,204"
322.,CHDC,"1,415.00",416.00,"853.26885.004,426,378,9964,879,017",885.00,"4,426,378,996","4,879,017"
323.,PSF,11.22,8.75,"9.709.4093,796,2279,330,300",9.40,"93,796,227","9,330,300"
324.,NIBSF2,11.53,8.56,"9.769.6365,866,3896,362,294",9.63,"65,866,389","6,362,294"
325.,JBLB,"5,516.90",890.00,"4,089.004,450.006,571,069,1701,445,910","4,450.00","6,571,069,170","1,445,910"
326.,MKLB,"2,310.00",296.70,"1,327.851,498.80450,253,760256,703","1,498.80","450,253,760","256,703"
327.,ULI,940.10,342.00,"646.46688.002,304,208,0673,301,309",688.00,"2,304,208,067","3,301,309"
328.,NICSF,10.10,8.75,"9.389.1716,936,9781,797,177",9.17,"16,936,978","1,797,177"
329.,RMF1,10.30,8.80,"9.449.2016,700,6901,759,568",9.20,"16,700,690","1,759,568"
330.,SLI,787.80,309.00,"530.09575.001,129,385,7871,970,727",575.00,"1,129,385,787","1,970,727"
331.,LBLD88,"1,000.00",923.50,"953.820.002,331,2122,427",0.00,"2,331,212","2,427"
332.,PBD85,"1,000.00",903.10,"954.330.002,845,9812,986",0.00,"2,845,981","2,986"
333.,SDBD87,"1,000.10",895.00,"960.45899.005,221,6435,400",899.00,"5,221,643","5,400"
334.,MKJC,605.00,186.50,"460.33580.00332,388,995653,742",580.00,"332,388,995","653,742"
335.,MLBS,"2,189.10",397.50,"1,270.111,462.00227,826,197136,747","1,462.00","227,826,197","136,747"
336.,SAHAS,789.40,405.30,"618.40584.002,068,646,0973,152,710",584.00,"2,068,646,097","3,152,710"
337.,TPC,655.90,254.20,"487.95589.90262,681,697476,716",589.90,"262,681,697","476,716"
338.,MMF1,10.28,8.58,"9.179.2812,455,4671,349,772",9.28,"12,455,467","1,349,772"
339.,NBF3,10.08,9.13,"9.609.5017,984,9531,869,317",9.50,"17,984,953","1,869,317"
340.,SPC,745.00,296.30,"475.64661.60170,956,794315,610",661.60,"170,956,794","315,610"
341.,NYADI,545.00,282.30,"409.32485.10288,985,369656,051",485.10,"288,985,369","656,051"
342.,NBLD85,"1,000.00",865.00,"914.25870.002,345,1732,575",870.00,"2,345,173","2,575"
343.,MBJC,505.00,100.00,"305.88447.00546,735,9951,163,734",447.00,"546,735,995","1,163,734"
344.,BNHC,421.10,246.70,"329.90421.102,499,2706,036",421.10,"2,499,270","6,036"
